team name;player name;games;wins;win percentage;score;score per game;goals;goals per game;assists;assists per game;saves;saves per game;shots;shots per game;shots conceded;shots conceded per game;goals conceded;goals conceded per game;goals conceded while last defender;goals conceded while last defender per game;shooting percentage;bpm per game;avg boost amount per game;amount collected;amount collected per game;amount collected big pads;amount collected big pads per game;amount collected small pads;amount collected small pads per game;count collected big pads;count collected big pads per game;count collected small pads;count collected small pads per game;amount stolen;amount stolen per game;amount stolen big pads;amount stolen big pads per game;amount stolen small pads;amount stolen small pads per game;count stolen big pads;count stolen big pads per game;count stolen small pads;count stolen small pads per game;0 boost time;0 boost time per game;100 boost time;100 boost time per game;amount used while supersonic;amount used while supersonic per game;amount overfill total;amount overfill total per game;amount overfill stolen;amount overfill stolen per game;avg speed per game;total distance;total distance per game;time slow speed;time slow speed per game;time boost speed;time boost speed per game;time supersonic speed;time supersonic speed per game;time on ground;time on ground per game;time low in air;time low in air per game;time high in air;time high in air per game;time powerslide;time powerslide per game;avg powerslide time per game;count powerslide;count powerslide per game;time most back;time most back per game;time most forward;time most forward per game;time in front of ball;time in front of ball per game;time behind ball;time behind ball per game;time defensive half;time defensive half per game;time offensive half;time offensive half per game;time defensive third;time defensive third per game;time neutral third;time neutral third per game;time offensive third;time offensive third per game;avg distance to ball per game;avg distance to ball has possession per game;avg distance to ball no possession per game;avg distance to team mates per game;demos inflicted;demos inflicted per game;demos taken;demos taken per game
LEGACY;%cold.[  ];12;8;66.67;4473;372.75;12;1;5;0.42;17;1.42;36;3;88;7.33;21;1.75;8;0.67;33.33;348.43;43.8;23404;1950.33;11369;947.42;12035;1002.92;135;11.25;1055;87.92;5036;419.67;1762;146.83;3274;272.83;20;1.67;294;24.5;285.15;23.76;269.74;22.48;3897;324.75;2194;182.83;282;23.5;1427;5542505;461875.41;2269.93;189.16;1497.6;124.8;376.28;31.36;2837.65;236.47;1139.41;94.95;166.77;13.9;103.91;8.66;0.12;834;69.5;1220.9;101.74;1323.8;110.32;1094.62;91.22;3049.16;254.1;2787.22;232.27;1356.59;113.05;2014.69;167.89;1387.28;115.61;741.86;61.82;2967.86;2931.87;3020.43;3615.17;11;0.92;23;1.92
TCO;Aidanroan;15;8;53.33;4526;301.73;10;0.67;8;0.53;14;0.93;35;2.33;131;8.73;39;2.6;12;0.8;28.57;420.94;45.29;35865;2391;25261;1684.07;10604;706.93;311;20.73;792;52.8;6982;465.47;4136;275.73;2846;189.73;51;3.4;214;14.27;906.31;60.42;337.13;22.48;6671;444.73;4644;309.6;773;51.53;1564.17;7690981;512732.06;2242.82;149.52;2130.85;142.06;864.21;57.61;2933.93;195.6;2108.87;140.59;195.06;13;78.8;5.25;0.18;444;29.6;1523.6;101.57;1889.7;125.98;1607.53;107.17;3630.34;242.02;3427.22;228.48;1810.68;120.71;2575.39;171.69;1622.11;108.14;1040.37;69.36;2786.45;2682.62;2876.76;3642.56;3;0.2;10;0.67
TPA;Ambro_XL;12;5;41.67;4139;344.92;8;0.67;8;0.67;17;1.42;31;2.58;91;7.58;29;2.42;11;0.92;25.81;408.73;53.28;29027;2418.92;19398;1616.5;9629;802.42;244;20.33;868;72.33;6391;532.58;3785;315.42;2606;217.17;49;4.08;240;20;469.12;39.09;346.72;28.89;3152;262.67;5114;426.17;1076;89.67;1537.9;6129467;510788.91;1872.95;156.08;1830.86;152.57;528.45;44.04;2659.71;221.64;1399.65;116.64;172.93;14.41;59.88;4.99;0.08;737;61.42;1293.3;107.77;1377.2;114.77;1198.28;99.86;3033.99;252.83;2729.01;227.42;1503.27;125.27;2018.29;168.19;1313.37;109.45;900.63;75.05;3006.69;2913.96;3087.53;3918.14;8;0.67;10;0.83
TCO;Blitzcomeback;15;8;53.33;5265;351;12;0.8;9;0.6;22;1.47;37;2.47;131;8.73;39;2.6;13;0.87;32.43;363.23;49.66;30399;2026.6;22736;1515.73;7663;510.87;256;17.07;631;42.07;4780;318.67;3287;219.13;1493;99.53;39;2.6;132;8.8;732.33;48.82;818.43;54.56;3431;228.73;2887;192.47;521;34.73;1439.14;7041874;469458.28;2638.73;175.92;2013.91;134.26;555.63;37.04;2926.78;195.12;2076.54;138.44;204.98;13.67;78.26;5.22;0.12;641;42.73;2047.3;136.49;1377.9;91.86;1191.24;79.42;4017.09;267.81;3681.04;245.4;1527.27;101.82;2890.82;192.72;1427.77;95.18;889.71;59.31;3154.21;3157.88;3162.67;3696.04;11;0.73;20;1.33
SKELETON CREW;Ch3mic19;12;3;25.00;3404;283.67;8;0.67;6;0.5;11;0.92;21;1.75;99;8.25;41;3.42;9;0.75;38.1;359.23;48.39;26283;2190.25;17473;1456.08;8810;734.17;203;16.92;755;62.92;5369;447.42;3095;257.92;2274;189.5;36;3;195;16.25;454.74;37.9;569.7;47.47;3017;251.42;2976;248;480;40;1470.25;6119324;509943.66;2257.31;188.11;1696.24;141.35;505.71;42.14;2632.56;219.38;1647.45;137.29;179.26;14.94;102.4;8.53;0.12;873;72.75;1417.2;118.1;1414.5;117.88;1314.7;109.56;3144.53;262.04;3030;252.5;1429.23;119.1;2298.34;191.53;1334.26;111.19;826.65;68.89;2977.2;2842.69;3090.9;3593.87;14;1.17;18;1.5
TCO;Conic_OW;7;4;57.14;1888;269.71;3;0.43;2;0.29;7;1;12;1.71;60;8.57;20;2.86;9;1.29;25;403.81;52.28;16331;2333;10379;1482.71;5952;850.29;127;18.14;413;59;2830;404.29;1454;207.71;1376;196.57;19;2.71;100;14.29;287.82;41.12;199.92;28.56;1640;234.29;1950;278.57;465;66.43;1464.79;3386307;483758.16;1241.67;177.38;978.52;139.79;249.18;35.6;1521.13;217.3;822.18;117.45;126.07;18.01;63.17;9.02;0.1;614;87.71;681.9;97.41;793.7;113.39;693.92;99.13;1775.44;253.63;1658.23;236.89;811.14;115.88;1228.98;175.57;790.01;112.86;450.38;64.34;2632.32;2584.05;2665.21;3496.55;4;0.57;8;1.14
POND POUNDERS;CumaKazi;12;9;75.00;5032;419.33;15;1.25;7;0.58;20;1.67;44;3.67;76;6.33;23;1.92;2;0.17;34.09;375.78;47.75;27468;2289;18076;1506.33;9392;782.67;218;18.17;833;69.42;4466;372.17;1792;149.33;2674;222.83;25;2.08;236;19.67;542.07;45.17;474.11;39.51;6193;516.08;3926;327.17;746;62.17;1543.17;6204572;517047.66;1881.85;156.82;1825.6;152.13;595.59;49.63;2770.42;230.87;1408.06;117.34;124.53;10.38;47.44;3.95;0.12;376;31.33;1513.8;126.15;1273.2;106.1;1062.91;88.58;3240.13;270.01;2739.16;228.26;1563.88;130.32;2009.93;167.49;1369.11;114.09;923.98;77;3262.06;3257.28;3275.68;3873.28;12;1;11;0.92
AGNI KAI OCELOT;Halcyon7681;14;6;42.86;5776;412.57;11;0.79;11;0.79;22;1.57;40;2.86;111;7.93;36;2.57;16;1.14;27.5;487.7;52.02;42705;3050.36;33479;2391.36;9226;659;408;29.14;717;51.21;7695;549.64;4930;352.14;2765;197.5;61;4.36;212;15.14;869.39;62.1;584.19;41.73;7127;509.07;7391;527.93;1206;86.14;1615.82;8053831;575273.62;2083.41;148.81;2246.13;160.44;974.19;69.58;3029.4;216.39;2048.12;146.29;226.18;16.16;104.65;7.48;0.09;1141;81.5;1874.1;133.86;1606.6;114.76;1330.57;95.04;3973.13;283.79;3484.08;248.86;1819.66;129.98;2595.54;185.4;1645.1;117.51;1063.07;75.93;3108.68;2991.78;3235.26;3837.49;18;1.29;10;0.71
SKELETON CREW;Happy;5;2;40.00;1959;391.8;5;1;1;0.2;8;1.6;15;3;34;6.8;12;2.4;4;0.8;33.33;341.79;49.7;10669;2133.8;6929;1385.8;3740;748;84;16.8;319;63.8;2489;497.8;1463;292.6;1026;205.2;17;3.4;90;18;172.92;34.58;202.02;40.4;1246;249.2;1601;320.2;249;49.8;1454.09;2500105;500021;976.77;195.35;641.45;128.29;211.71;42.34;1053.65;210.73;702.77;140.55;73.5;14.7;36.65;7.33;0.09;403;80.6;516.9;103.38;615.5;123.1;587.98;117.6;1241.94;248.39;1226.07;245.21;603.84;120.77;905.7;181.14;592.64;118.53;331.6;66.32;2750.58;2621.63;2880.57;3487.15;4;0.8;1;0.2
NDK;Hulksmasher178;13;9;69.23;4543;349.46;13;1;7;0.54;13;1;33;2.54;91;7;33;2.54;9;0.69;39.39;475.06;47.96;37455;2881.15;26555;2042.69;10900;838.46;307;23.62;930;71.54;8102;623.23;4950;380.77;3152;242.46;55;4.23;273;21;825.33;63.49;241.38;18.57;6349;488.38;3946;303.54;549;42.23;1651.68;7554912;581147.06;1807.45;139.03;2083.47;160.27;1011.72;77.82;2864.78;220.37;1857.98;142.92;179.91;13.84;77.6;5.97;0.11;699;53.77;1575.9;121.22;1536.5;118.19;1286.59;98.97;3616.06;278.16;3168.73;243.75;1733.93;133.38;2361.85;181.68;1537.99;118.31;1002.78;77.14;2906.76;2856.44;2951.06;3721.1;20;1.54;13;1
NDK;JTclipz;13;9;69.23;5690;437.69;17;1.31;10;0.77;16;1.23;49;3.77;91;7;33;2.54;15;1.15;34.69;373.37;52.96;31240;2403.08;23785;1829.62;7455;573.46;305;23.46;582;44.77;5332;410.15;2926;225.08;2406;185.08;41;3.15;201;15.46;462.95;35.61;890.69;68.51;3037;233.62;6882;529.38;1241;95.46;1549.04;7048983;542229.44;2144.51;164.96;2035.97;156.61;694.64;53.43;2859.83;219.99;1803.12;138.7;212.16;16.32;48.98;3.77;0.12;400;30.77;1422.3;109.41;1562.9;120.22;1308.27;100.64;3566.83;274.37;3094.43;238.03;1780.68;136.98;2326.82;178.99;1506.53;115.89;1041.78;80.14;2980.19;2914.55;3057.32;3752.15;18;1.38;20;1.54
VOIDHEARTS;Jyyrin;13;8;61.54;5559;427.62;18;1.38;2;0.15;20;1.54;45;3.46;106;8.15;37;2.85;12;0.92;40;441.37;44.4;34978;2690.62;23055;1773.46;11923;917.15;265;20.38;994;76.46;5695;438.08;2880;221.54;2815;216.54;33;2.54;240;18.46;672.27;51.71;272.28;20.94;4324;332.62;3321;255.46;460;35.38;1505.4;6872802;528677.06;2338.35;179.87;1912.3;147.1;658.64;50.66;3058.48;235.27;1639.54;126.12;211.23;16.25;117.06;9;0.11;1017;78.23;1644.6;126.51;1453.4;111.8;1256.28;96.64;3653;281;3421.66;263.2;1487.65;114.43;2594.65;199.59;1476.09;113.55;838.56;64.5;3052.12;3003.31;3104.51;3744.03;16;1.23;12;0.92
RVT;K4na.;3;0;0.00;788;262.67;2;0.67;0;0;3;1;8;2.67;17;5.67;7;2.33;2;0.67;25;388.52;56.29;6594;2198;3923;1307.67;2671;890.33;55;18.33;159;53;1278;426;441;147;837;279;6;2;46;15.33;136.84;45.61;110.7;36.9;850;283.33;1552;517.33;157;52.33;1594.09;1540872;513624;414.42;138.14;429.14;143.05;182.75;60.92;585;195;391.7;130.57;49.61;16.54;9.83;3.28;0.08;120;40;346.1;115.37;351.5;117.17;322.83;107.61;703.48;234.49;645.57;215.19;380.75;126.92;476.76;158.92;321.7;107.23;227.87;75.96;2759;2595.02;2877.81;3601.68;2;0.67;1;0.33
LEGACY;Kordred;12;8;66.67;4381;365.08;11;0.92;5;0.42;20;1.67;26;2.17;88;7.33;21;1.75;9;0.75;42.31;337.45;48.66;23187;1932.25;15263;1271.92;7924;660.33;191;15.92;706;58.83;4510;375.83;2504;208.67;2006;167.17;30;2.5;180;15;313.4;26.12;296.3;24.69;2612;217.67;3963;330.25;500;41.67;1381.13;5445960;453830;2446.92;203.91;1349.42;112.45;393.99;32.83;2776.22;231.35;1251.66;104.31;162.4;13.53;118.31;9.86;0.12;989;82.42;1477.7;123.14;1261;105.08;998.09;83.17;3192.2;266.02;2926.44;243.87;1263.87;105.32;2176.24;181.35;1357.41;113.12;656.69;54.72;2939.36;2904.96;2970.47;3688.46;16;1.33;6;0.5
FADERS;Kreaki;15;4;26.67;5570;371.33;13;0.87;7;0.47;20;1.33;51;3.4;128;8.53;40;2.67;7;0.47;25.49;415.29;50.04;39286;2619.07;30399;2026.6;8887;592.47;372;24.8;741;49.4;9890;659.33;6986;465.73;2904;193.6;78;5.2;232;15.47;741.8;49.45;735.58;49.04;6021;401.4;6908;460.53;836;55.73;1510.41;8150141;543342.75;2762.17;184.14;2254.23;150.28;690.39;46.03;3237.95;215.86;2159.37;143.96;309.49;20.63;136.67;9.11;0.13;1061;70.73;1633.7;108.91;2107.1;140.47;1879.57;125.3;3827.26;255.15;3646.02;243.07;2060.78;137.39;2652.09;176.81;1818.47;121.23;1236.23;82.42;3194.29;3029.93;3346.47;4044.49;19;1.27;12;0.8
FADERS;Love dirk;15;4;26.67;5135;342.33;7;0.47;8;0.53;30;2;23;1.53;128;8.53;40;2.67;19;1.27;30.43;464.31;47.32;43708;2913.87;28384;1892.27;15324;1021.6;323;21.53;1294;86.27;8686;579.07;4950;330;3736;249.07;59;3.93;317;21.13;962.3;64.15;356.96;23.8;5980;398.67;4063;270.87;982;65.47;1584.34;8536369;569091.25;2330.3;155.35;2353.86;156.92;1018.99;67.93;3354.28;223.62;2128.68;141.91;220.17;14.68;120.07;8;0.08;1494;99.6;2058.8;137.25;1644.3;109.62;1577.05;105.14;4126.1;275.07;3896.26;259.75;1806.88;120.46;2920.34;194.69;1787.12;119.14;995.71;66.38;3101.22;2973.99;3181.45;3926.73;18;1.2;14;0.93
TCO;LyfeStori;8;4;50.00;2798;349.75;5;0.62;3;0.38;16;2;18;2.25;71;8.88;19;2.38;5;0.62;27.78;380.85;52.65;17735;2216.88;11736;1467;5999;749.88;144;18;531;66.38;3449;431.12;1862;232.75;1587;198.38;21;2.62;140;17.5;296.99;37.12;251.79;31.47;2791;348.88;2758;344.75;261;32.62;1514.3;3937451;492181.38;1256.63;157.08;1110.91;138.86;393.17;49.15;1487.23;185.9;1166.17;145.77;107.28;13.41;48.86;6.11;0.09;565;70.62;863.3;107.91;929.3;116.16;736.59;92.07;2024.12;253.01;1842.34;230.29;918.36;114.79;1403.73;175.47;808.79;101.1;548.17;68.52;3052.42;2885.38;3212.85;3744.44;8;1;5;0.62
VOIDHEARTS;Mayhem Smokin;5;2;40.00;1198;239.6;1;0.2;2;0.4;7;1.4;5;1;49;9.8;16;3.2;10;2;20;417.9;55.08;12824;2564.8;9569;1913.8;3255;651;108;21.6;279;55.8;2088;417.6;1431;286.2;657;131.4;16;3.2;59;11.8;180.95;36.19;164.95;32.99;902;180.4;1326;265.2;179;35.8;1445.58;2423706;484741.19;954.55;190.91;610.7;122.14;235.98;47.2;1090.79;218.16;669.92;133.98;40.5;8.1;58.26;11.65;0.13;439;87.8;616;123.2;491.6;98.32;467.25;93.45;1333.99;266.8;1346.02;269.2;455.21;91.04;1041.23;208.25;520.77;104.15;239.21;47.84;2991.84;3026.14;2963.74;3601.35;1;0.2;4;0.8
SKELETON CREW;PacoJ1;7;1;14.29;2527;361;6;0.86;4;0.57;11;1.57;19;2.71;65;9.29;29;4.14;12;1.71;31.58;395.94;46.14;16977;2425.29;10906;1558;6071;867.29;131;18.71;500;71.43;4812;687.43;2862;408.86;1950;278.57;34;4.86;159;22.71;301.13;43.02;221.24;31.61;2709;387;2207;315.29;555;79.29;1538.33;3802470;543210;1228.57;175.51;1040.08;148.58;392.87;56.12;1659.17;237.02;908.35;129.76;94.03;13.43;39.45;5.64;0.12;332;47.43;741.6;105.94;911.4;130.2;868.73;124.1;1792.82;256.12;1748.46;249.78;913.08;130.44;1316.5;188.07;809.19;115.6;535.89;76.56;2899.66;2810.53;2971.62;3658.08;12;1.71;9;1.29
VOIDBORN;Peanut!;17;7;41.18;5471;321.82;14;0.82;8;0.47;23;1.35;42;2.47;125;7.35;42;2.47;13;0.76;33.33;322.95;52.83;34308;2018.12;20967;1233.35;13341;784.76;253;14.88;1153;67.82;7422;436.59;3233;190.18;4189;246.41;37;2.18;353;20.76;545.46;32.09;540.24;31.78;4607;271;4424;260.24;541;31.82;1421.63;8402268;494251.06;3357.49;197.5;2229.6;131.15;670.49;39.44;3853.06;226.65;2209.82;129.99;194.71;11.45;80.28;4.72;0.15;546;32.12;1931.7;113.63;1970.5;115.91;1582.98;93.12;4674.58;274.98;3946.47;232.15;2311.03;135.94;2875.27;169.13;2083.03;122.53;1299.25;76.43;2831.14;2738.55;2912.62;3529.36;6;0.35;25;1.47
RVT;Preaux.;3;0;0.00;818;272.67;1;0.33;2;0.67;4;1.33;5;1.67;17;5.67;7;2.33;4;1.33;20;303.54;52.9;5187;1729;2743;914.33;2444;814.67;38;12.67;159;53;1615;538.33;766;255.33;849;283;9;3;45;15;79.38;26.46;114.54;38.18;522;174;685;228.33;148;49.33;1430.39;1394780;464926.66;518.36;172.79;411.6;137.2;92.92;30.97;685.89;228.63;315.1;105.03;21.88;7.29;27.58;9.19;0.15;186;62;321.3;107.1;342;114;335.73;111.91;687.16;229.05;626.1;208.7;396.79;132.26;457.82;152.61;330.24;110.08;234.82;78.27;2734.17;2578.49;2870.45;3480.54;8;2.67;2;0.67
AR;Saspyr;3;3;100.00;1226;408.67;1;0.33;6;2;6;2;8;2.67;21;7;6;2;3;1;12.5;405.4;48.82;7801;2600.33;5257;1752.33;2544;848;62;20.67;196;65.33;1181;393.67;709;236.33;472;157.33;10;3.33;41;13.67;150.77;50.26;156.84;52.28;1037;345.67;1026;342;296;98.67;1512.64;1708225;569408.31;572.71;190.9;435.94;145.31;187.57;62.52;711.76;237.25;427.98;142.66;56.48;18.83;18.54;6.18;0.1;179;59.67;433.6;144.53;345.7;115.23;254.9;84.97;941.33;313.78;790.59;263.53;405.62;135.21;611.3;203.77;341.95;113.98;242.96;80.99;2933.99;2757.93;3152.32;3708;2;0.67;3;1
AR;Saspyr;5;2;40.00;1722;344.4;5;1;2;0.4;7;1.4;12;2.4;41;8.2;11;2.2;6;1.2;41.67;385.83;48.05;10562;2112.4;7553;1510.6;3009;601.8;89;17.8;245;49;2015;403;1335;267;680;136;14;2.8;60;12;190.18;38.04;162.61;32.52;1408;281.6;1375;275;70;14;1545.2;2483102;496620.41;775.32;155.06;687.99;137.6;244.43;48.89;1008.24;201.65;627.29;125.46;72.21;14.44;26.34;5.27;0.09;275;55;595.7;119.14;465.3;93.06;389.72;77.94;1318.01;263.6;1180.63;236.13;527.1;105.42;918.62;183.72;500.7;100.14;288.42;57.68;2675.86;2550.1;2795.48;3490.73;3;0.6;7;1.4
POND POUNDERS;Skeddyz;11;8;72.73;4389;399;15;1.36;7;0.64;10;0.91;33;3;67;6.09;22;2;14;1.27;45.45;440.52;50.68;28846;2622.36;20208;1837.09;8638;785.27;233;21.18;782;71.09;5329;484.45;2820;256.36;2509;228.09;32;2.91;216;19.64;469.88;42.72;418.63;38.06;2795;254.09;2694;244.91;290;26.36;1533.15;5609822;509983.81;1750.29;159.12;1686.44;153.31;494.95;45;2396.58;217.87;1370.12;124.56;164.98;15;90.25;8.2;0.12;749;68.09;1211.8;110.16;1266.1;115.1;1013.85;92.17;2917.81;265.26;2434.95;221.36;1496.72;136.07;1717.77;156.16;1351.22;122.84;862.71;78.43;3067.5;2982.78;3176.65;3855.32;6;0.55;9;0.82
AGNI KAI OCELOT;SleepyCrimson_;3;1;33.33;1007;335.67;3;1;1;0.33;5;1.67;11;3.67;21;7;8;2.67;2;0.67;27.27;378.85;45.26;6867;2289;4384;1461.33;2483;827.67;50;16.67;221;73.67;1341;447;673;224.33;668;222.67;7;2.33;61;20.33;159.91;53.3;103.26;34.42;524;174.67;654;218;25;8.33;1625.41;1609178;536392.69;402.35;134.12;476.09;158.7;178.45;59.48;595.91;198.64;422.88;140.96;38.11;12.7;21.07;7.02;0.08;259;86.33;290.9;96.97;373.3;124.43;334.77;111.59;722.13;240.71;639.03;213.01;417.86;139.29;431.41;143.8;400.22;133.41;225.27;75.09;3283.88;3228.55;3359.93;4047.76;0;0;2;0.67
LEGACY;Swixxt.;4;4;100.00;1086;271.5;3;0.75;4;1;2;0.5;9;2.25;19;4.75;3;0.75;1;0.25;33.33;458.37;56.85;10286;2571.5;7908;1977;2378;594.5;100;25;216;54;1913;478.25;1169;292.25;744;186;16;4;59;14.75;124.17;31.04;205.13;51.28;1940;485;2053;513.25;345;86.25;1569.22;2037016;509254;594.09;148.52;544.98;136.24;228.13;57.03;830.61;207.65;479.13;119.78;57.45;14.36;44.57;11.14;0.12;369;92.25;509.4;127.35;481.4;120.35;338.02;84.5;1029.18;257.3;915.33;228.83;451.89;112.97;664.64;166.16;442.18;110.54;260.39;65.1;3557.82;3376.29;3749.53;4140.18;8;2;8;2
VOIDHEARTS;T E A _;13;8;61.54;5209;400.69;14;1.08;10;0.77;13;1;37;2.85;106;8.15;37;2.85;11;0.85;37.84;398.45;56.78;32451;2496.23;25273;1944.08;7178;552.15;314;24.15;628;48.31;5596;430.46;3766;289.69;1830;140.77;48;3.69;162;12.46;502.22;38.63;519.84;39.99;2396;184.31;6138;472.15;1002;77.08;1568.74;7169182;551475.56;2084.86;160.37;2196.64;168.97;633.34;48.72;2686.37;206.64;1987.96;152.92;240.47;18.5;69.8;5.37;0.08;845;65;1572.8;120.98;1595.4;122.72;1396.03;107.39;3518.79;270.68;3341.11;257.01;1573.62;121.05;2510.53;193.12;1497.66;115.2;906.6;69.74;3055.64;2955.63;3167.44;3793.22;7;0.54;11;0.85
AR;T _ K;8;5;62.50;2397;299.62;8;1;1;0.12;9;1.12;13;1.62;62;7.75;17;2.12;4;0.5;61.54;324;46.77;14919;1864.88;9718;1214.75;5201;650.12;123;15.38;440;55;2901;362.62;1563;195.38;1338;167.25;22;2.75;120;15;336.05;42.01;313.49;39.19;1205;150.62;2521;315.12;509;63.62;1410.25;3865332;483166.5;1625.94;203.24;1105.19;138.15;182.34;22.79;1861.34;232.67;951.81;118.98;100.28;12.54;62.14;7.77;0.1;614;76.75;974.5;121.81;953.8;119.22;827.91;103.49;2085.52;260.69;1945.77;243.22;967.67;120.96;1412.8;176.6;977.59;122.2;523.06;65.38;2954.75;2963.67;2900.76;3668.38;4;0.5;7;0.88
TPA;TPG4LIFE_;8;4;50.00;2217;277.12;5;0.62;4;0.5;6;0.75;21;2.62;54;6.75;16;2;3;0.38;23.81;419.41;44.81;18854;2356.75;13397;1674.62;5457;682.12;161;20.12;483;60.38;3888;486;2347;293.38;1541;192.62;27;3.38;137;17.12;365.79;45.72;259.62;32.45;3056;382;2683;335.38;294;36.75;1514.19;4015052;501881.5;1301.06;162.63;1135.87;141.98;376.04;47;1772.55;221.57;938.23;117.28;102.19;12.77;39.24;4.91;0.08;483;60.38;906.3;113.29;879.9;109.99;771.01;96.38;2041.97;255.25;1827.67;228.46;985.3;123.16;1319.35;164.92;931.87;116.48;561.74;70.22;3024.78;2965.82;3077.9;3965.08;9;1.12;11;1.38
LEGACY;TTVbigdubgaming;8;4;50.00;2788;348.5;5;0.62;6;0.75;15;1.88;16;2;69;8.62;18;2.25;3;0.38;31.25;414.47;49.78;18947;2368.38;13850;1731.25;5097;637.12;167;20.88;425;53.12;3297;412.12;1840;230;1457;182.12;22;2.75;123;15.38;351.7;43.96;215.13;26.89;2065;258.12;2496;312;354;44.25;1516.21;3984957;498119.62;1294.02;161.75;1092.71;136.59;411.63;51.45;1716.61;214.58;974.48;121.81;107.25;13.41;53.48;6.68;0.11;481;60.12;911.3;113.91;920.1;115.01;814.8;101.85;1983.57;247.95;1890.25;236.28;908.12;113.51;1424.22;178.03;843.3;105.41;530.84;66.36;3045.36;2947.22;3161;3630.36;10;1.25;7;0.88
SKELETON CREW;Taydertot132;12;3;25.00;4493;374.42;8;0.67;11;0.92;13;1.08;26;2.17;99;8.25;41;3.42;16;1.33;30.77;395.2;47;28438;2369.83;20455;1704.58;7983;665.25;232;19.33;654;54.5;4922;410.17;3047;253.92;1875;156.25;37;3.08;164;13.67;593.09;49.42;347.08;28.92;2916;243;2627;218.92;560;46.67;1524.04;6391127;532593.94;2057.93;171.49;1842.05;153.5;587.96;49;2453.64;204.47;1766.13;147.18;268.17;22.35;98.91;8.24;0.11;881;73.42;1637;136.42;1290.4;107.53;1245.79;103.82;3242.14;270.18;3174.37;264.53;1313.58;109.47;2464.7;205.39;1253.58;104.46;769.67;64.14;2956.06;2821.51;3070.42;3653.81;9;0.75;11;0.92
VOIDBORN;Tigerr_.;15;8;53.33;5847;389.8;10;0.67;13;0.87;27;1.8;47;3.13;119;7.93;38;2.53;14;0.93;21.28;434.39;49.47;39981;2665.4;29314;1954.27;10667;711.13;348;23.2;953;63.53;7982;532.13;4505;300.33;3477;231.8;56;3.73;296;19.73;856.47;57.1;468.73;31.25;4288;285.87;5681;378.73;1113;74.2;1566.77;8347254;556483.62;2443.6;162.91;2384.28;158.95;829.22;55.28;3078.03;205.2;2280.37;152.02;298.71;19.91;108.2;7.21;0.06;1697;113.13;1610.5;107.37;2031.3;135.42;1595.9;106.39;4061.26;270.75;3587.55;239.17;2069.59;137.97;2672.22;178.15;1706.52;113.77;1278.4;85.23;2572.46;2464.84;2688.66;3524.6;16;1.07;13;0.87
AGNI KAI OCELOT;TyNightG;14;6;42.86;4967;354.79;10;0.71;7;0.5;17;1.21;38;2.71;111;7.93;36;2.57;13;0.93;26.32;365.31;44.69;31724;2266;20738;1481.29;10986;784.71;245;17.5;907;64.79;7303;521.64;3894;278.14;3409;243.5;45;3.21;290;20.71;789.9;56.42;398.01;28.43;3168;226.29;3676;262.57;563;40.21;1500.27;7468430;533459.31;2565.52;183.25;2180.15;155.73;551.6;39.4;3122.48;223.03;1954.12;139.58;220.61;15.76;106.34;7.6;0.1;1052;75.14;1793.6;128.11;1545.3;110.38;1350.29;96.45;3946.92;281.92;3371.62;240.83;1925.59;137.54;2504.99;178.93;1652.01;118;1140.21;81.44;2857.86;2809.88;2919.43;3693.88;19;1.36;11;0.79
RVT;Unc Jeebs;3;0;0.00;640;213.33;1;0.33;1;0.33;0;0;6;2;17;5.67;7;2.33;1;0.33;16.67;296.93;43.88;4875;1625;3002;1000.67;1873;624.33;36;12;140;46.67;818;272.67;367;122.33;451;150.33;4;1.33;33;11;140.91;46.97;131.86;43.95;458;152.67;359;119.67;35;11.67;1385.58;1352723;450907.66;573.72;191.24;396.86;132.29;52.83;17.61;612.44;204.15;356.98;118.99;53.98;17.99;8.86;2.95;0.15;62;20.67;360.4;120.13;304.9;101.63;287.9;95.97;735.5;245.17;682.54;227.51;340.87;113.62;492.06;164.02;335.02;111.67;196.31;65.44;2660.83;2563.95;2726.32;3498.49;1;0.33;2;0.67
AGNI KAI OCELOT;Viprerl;11;5;45.45;3809;346.27;12;1.09;7;0.64;11;1;32;2.91;90;8.18;28;2.55;5;0.45;37.5;264.4;54.43;20029;1820.82;13942;1267.45;6087;553.36;182;16.55;511;46.45;4644;422.18;2495;226.82;2149;195.36;34;3.09;181;16.45;295.97;26.91;800.93;72.81;1736;157.82;4284;389.45;968;88;1422.46;5638300;512572.72;2409.2;219.02;1491.99;135.64;326.24;29.66;2718.17;247.11;1359.15;123.56;150.09;13.64;56.27;5.12;0.14;416;37.82;1134.4;103.13;1500.4;136.4;1283.94;116.72;2943.47;267.59;2543.31;231.21;1684.12;153.1;1845.73;167.79;1320.5;120.05;1061.18;96.47;2965.05;2953.51;2973.42;3656.19;9;0.82;9;0.82
POND POUNDERS;Whackaduck;10;8;80.00;3503;350.3;9;0.9;11;1.1;9;0.9;29;2.9;62;6.2;17;1.7;4;0.4;31.03;335.71;43.01;19875;1987.5;12494;1249.4;7381;738.1;146;14.6;636;63.6;4058;405.8;1734;173.4;2324;232.4;21;2.1;209;20.9;486.31;48.63;414;41.4;1718;171.8;2025;202.5;438;43.8;1501.64;5051891;505189.09;1697.07;169.71;1511.8;151.18;389.08;38.91;2269.73;226.97;1195.65;119.57;132.57;13.26;90.26;9.03;0.08;1171;117.1;1055.5;105.55;1237.1;123.71;983.77;98.38;2614.18;261.42;2229.67;222.97;1368.29;136.83;1570.05;157.01;1229.66;122.97;798.24;79.82;3147.97;3129.98;3190.41;3881.27;10;1;9;0.9
NDK;Wrath;13;9;69.23;4008;308.31;11;0.85;9;0.69;11;0.85;34;2.62;91;7;33;2.54;9;0.69;32.35;303.04;42.67;24039;1849.15;14725;1132.69;9314;716.46;178;13.69;760;58.46;4182;321.69;1952;150.15;2230;171.54;23;1.77;178;13.69;716.58;55.12;463.95;35.69;1913;147.15;3117;239.77;349;26.85;1413.67;6486653;498973.31;2718.13;209.09;1864.54;143.43;331.5;25.5;3153.23;242.56;1612.98;124.08;147.95;11.38;75.65;5.82;0.11;711;54.69;1720.6;132.35;1517.8;116.75;1286.37;98.95;3627.81;279.06;3312.58;254.81;1601.6;123.2;2499.17;192.24;1490.72;114.67;924.31;71.1;3305.68;3304.54;3296.58;3800.76;6;0.46;7;0.54
FADERS;Yen;15;4;26.67;4756;317.07;11;0.73;7;0.47;19;1.27;37;2.47;128;8.53;40;2.67;14;0.93;29.73;483.47;45.65;45167;3011.13;30776;2051.73;14391;959.4;361;24.07;1154;76.93;9819;654.6;5604;373.6;4215;281;68;4.53;354;23.6;880.75;58.72;496.33;33.09;10471;698.07;5457;363.8;1227;81.8;1609.41;8678600;578573.31;2206.43;147.1;2424.14;161.61;1072.7;71.51;3649.42;243.29;1838.87;122.59;215;14.33;120.93;8.06;0.1;1232;82.13;1815.3;121.02;1677.1;111.81;1621;108.07;4082.26;272.15;3762.6;250.84;1940.56;129.37;2847.4;189.83;1698;113.2;1157.83;77.19;2948.13;2872.14;3023.43;3870.23;32;2.13;9;0.6
VOIDHEARTS;bren;8;6;75.00;2663;332.88;8;1;4;0.5;5;0.62;19;2.38;57;7.12;21;2.62;4;0.5;42.11;353.39;51.35;17978;2247.25;12469;1558.62;5509;688.62;146;18.25;475;59.38;3641;455.12;2156;269.5;1485;185.62;27;3.38;124;15.5;361.27;45.16;245.3;30.66;1625;203.12;2114;264.25;456;57;1547.73;4473552;559194;1397.37;174.67;1330.06;166.26;379.22;47.4;1762.35;220.29;1217.84;152.23;126.48;15.81;31.56;3.94;0.17;182;22.75;908;113.5;1081.3;135.16;869.37;108.67;2237.3;279.66;2017.01;252.13;1089.64;136.21;1477.68;184.71;993.37;124.17;635.61;79.45;3164.38;3139.43;3175.09;3865.12;10;1.25;11;1.38
POND POUNDERS;cesc;3;2;66.67;762;254;2;0.67;2;0.67;2;0.67;5;1.67;23;7.67;7;2.33;3;1;40;435.11;46.22;7787;2595.67;5470;1823.33;2317;772.33;62;20.67;197;65.67;1817;605.67;1157;385.67;660;220;13;4.33;59;19.67;165.71;55.24;82.41;27.47;1369;456.33;780;260;148;49.33;1559.53;1583090;527696.69;457.28;152.43;463.26;154.42;149.79;49.93;674.07;224.69;360.64;120.21;35.61;11.87;25.36;8.45;0.14;192;64;365.9;121.97;312.4;104.13;269.74;89.91;800.58;266.86;681.3;227.1;389.03;129.68;461.11;153.7;383.85;127.95;225.37;75.12;3184.83;3091.53;3279.12;3789.23;5;1.67;2;0.67
TPA;eliroiscool;4;1;25.00;1133;283.25;0;0;2;0.5;8;2;8;2;37;9.25;13;3.25;5;1.25;0;371.26;47.84;8015;2003.75;5846;1461.5;2169;542.25;70;17.5;192;48;1194;298.5;552;138;642;160.5;6;1.5;57;14.25;233.43;58.36;118.29;29.57;915;228.75;1026;256.5;60;15;1478.77;1957497;489374.25;711.11;177.78;520.79;130.2;181.44;45.36;810.13;202.53;547.82;136.96;55.36;13.84;17.41;4.35;0.17;100;25;460.8;115.2;461.6;115.4;430.1;107.53;983.22;245.81;963.51;240.88;449.8;112.45;714.25;178.56;463.82;115.95;235.26;58.81;2894.02;2659.58;3078.96;3833.19;5;1.25;1;0.25
AR;keur_-;8;5;62.50;2890;361.25;6;0.75;5;0.62;10;1.25;28;3.5;62;7.75;17;2.12;4;0.5;21.43;392.5;50.55;19132;2391.5;14071;1758.88;5061;632.62;164;20.5;439;54.88;3754;469.25;2209;276.12;1545;193.12;27;3.38;133;16.62;321.93;40.24;366.5;45.81;2269;283.62;2366;295.75;432;54;1497.87;4036991;504623.88;1363.6;170.45;1170.13;146.27;344.11;43.01;1722.62;215.33;1030.64;128.83;124.57;15.57;47.74;5.97;0.13;355;44.38;840.6;105.07;1003.8;125.48;849.97;106.25;2027.87;253.48;1869.75;233.72;1008.04;126.01;1358.73;169.84;936.4;117.05;582.7;72.84;3078.27;2941.94;3211.09;3750.47;7;0.88;19;2.38
TPA;popayes5;12;5;41.67;3543;295.25;12;1;4;0.33;10;0.83;26;2.17;91;7.58;29;2.42;10;0.83;46.15;435.89;48.3;29881;2490.08;22380;1865;7501;625.08;262;21.83;558;46.5;4529;377.42;2556;213;1973;164.42;30;2.5;154;12.83;687.65;57.3;396.55;33.05;3154;262.83;3832;319.33;447;37.25;1532.46;6096881;508073.41;1825.6;152.13;1850.18;154.18;548.3;45.69;2300.66;191.72;1763.82;146.99;159.62;13.3;85.12;7.09;0.14;594;49.5;1466;122.17;1325.1;110.43;1231.19;102.6;2992.91;249.41;2823.11;235.26;1400.98;116.75;2085.46;173.79;1353.85;112.82;784.76;65.4;3305.96;3203;3417.94;3977.53;4;0.33;12;1
VOIDBORN;rmy;6;3;50.00;1835;305.83;3;0.5;3;0.5;10;1.67;11;1.83;54;9;16;2.67;4;0.67;27.27;390.64;45.12;14445;2407.5;9823;1637.17;4622;770.33;114;19;394;65.67;3151;525.17;1922;320.33;1229;204.83;22;3.67;102;17;371.43;61.9;166.12;27.69;1279;213.17;1650;275;297;49.5;1541.77;3201441;533573.5;957.26;159.54;984.41;164.07;266.81;44.47;1328.1;221.35;819.26;136.54;61.13;10.19;59.67;9.95;0.13;463;77.17;708.8;118.13;698.2;116.37;659.8;109.97;1548.71;258.12;1514.59;252.43;693.92;115.65;1137.03;189.51;695.29;115.88;376.17;62.69;2939.65;2879.17;2989.33;3669.36;7;1.17;7;1.17
VOIDBORN;xaulty;19;9;47.37;6865;361.32;17;0.89;8;0.42;27;1.42;48;2.53;149;7.84;48;2.53;17;0.89;35.42;422.26;48.88;48941;2575.84;37048;1949.89;11893;625.95;428;22.53;1011;53.21;8395;441.84;5367;282.47;3028;159.37;63;3.32;265;13.95;876.17;46.11;710.21;37.38;6656;350.32;5667;298.26;1000;52.63;1583.17;10543375;554914.5;3057.12;160.9;2720.67;143.19;1313.71;69.14;3802.63;200.14;2988.24;157.28;300.63;15.82;103.49;5.45;0.13;820;43.16;2626.3;138.23;2049.9;107.89;1736.66;91.4;5354.84;281.83;4777.05;251.42;2314.44;121.81;3662.03;192.74;2076.06;109.27;1353.4;71.23;3132.43;3029.32;3219.56;3674.67;19;1;15;0.79
